Metric,Value
Sensitivity,0.3333333333333333
Specificity,0.9291338582677166
Precision,0.5714285714285714
Accuracy,0.7975460122699386
Cohen's Kappa,0.30852294639413796
