Metric,Value
Sensitivity,0.3741935483870968
Specificity,0.9336016096579477
Precision,0.6373626373626373
Accuracy,0.8006134969325154
Cohen's Kappa,0.3587629177951614
