name,mean,sd,median,variance,max,min
age,39.11213517665131,13.816497520623193,37,190.8956037373868,90,17
education_num,10.158218125960062,2.6016642721645344,10,6.768656985057416,16,1
hours_per_week,40.114439324116745,12.064844282821618,40,145.56046756873346,99,1
