name,mean,sd,median,variance,max,min
age,38.72503840245775,13.560568691649273,37,183.88902324093846,90,17
education_num,10.042242703533026,2.592532888470108,10,6.721226777799161,16,1
hours_per_week,40.10675883256529,12.43262782947635,40,154.57023474626982,99,1
