name,mean,sd,median,variance,max,min
age,38.725038402457756,13.560568691649229,37,183.8890232409373,90,17
education_num,10.042242703533026,2.592532888470119,10,6.721226777799219,16,1
hours_per_week,40.10675883256528,12.43262782947645,40,154.57023474627232,99,1
